Workbook

Sheet Item Scores
A1: Vendor | B1: CategoryKey | C1: Category | D1: CategoryWeight | E1: Item | F1: HighSignal | G1: ItemWeight | H1: Score | I1: Layer
A2: Zenoti | B2: api_integration | C2: API & Integration | D2: 0.25 | E2: API maturity & coverage | F2: N | G2: 1 | H2: 5 | I2: rule
A3: Zenoti | B3: core_features | C3: Core Features | D3: 0.15 | E3: Billing & collections | F3: N | G3: 1 | H3: 4.8462 | I3: rule
A4: Zenoti | B4: core_features | C4: Core Features | D4: 0.15 | E4: Check-in & access control | F4: N | G4: 1 | H4: 5 | I4: rule
A5: Zenoti | B5: core_features | C5: Core Features | D5: 0.15 | E5: Member communications | F5: N | G5: 1 | H5: 5 | I5: rule
A6: Zenoti | B6: franchise_architecture | C6: Franchise Architecture | D6: 0.15 | E6: Corporate vs. franchisee controls | F6: N | G6: 1 | H6: 4.6765 | I6: rule
A7: Zenoti | B7: core_features | C7: Core Features | D7: 0.15 | E7: CRM / lead management (workbook 5.9) | F7: N | G7: 1 | H7: 5 | I7: rule
A8: Zenoti | B8: core_features | C8: Core Features | D8: 0.15 | E8: Member lifecycle | F8: N | G8: 1 | H8: 4.9048 | I8: rule
A9: Zenoti | B9: innovation_roadmap | C9: Innovation & Roadmap | D9: 0.05 | E9: Mobile-first (workbook 5.10) | F9: N | G9: 1 | H9: 4.8667 | I9: rule
A10: Zenoti | B10: core_features | C10: Core Features | D10: 0.15 | E10: Operational reporting | F10: N | G10: 1 | H10: 5 | I10: rule
A11: Zenoti | B11: core_features | C11: Core Features | D11: 0.15 | E11: Plans & pricing | F11: N | G11: 1 | H11: 5 | I11: rule
A12: Zenoti | B12: core_features | C12: Core Features | D12: 0.15 | E12: POS / retail | F12: N | G12: 1 | H12: 5 | I12: rule
A13: Zenoti | B13: core_features | C13: Core Features | D13: 0.15 | E13: Scheduling (workbook 5.14) | F13: N | G13: 1 | H13: 4.5349 | I13: rule
... A71: ABC Fitness | B71: core_features | C71: Core Features | D71: 0.15 | E71: Workforce / personal training (workbook 5.13) | F71: N | G71: 1 | H71: 3.1935 | I71: rule

Sheet Category Scores
A1: Category | B1: Weight | C1: Zenoti | D1: Fliip | E1: Sport Alliance | F1: Hapana | G1: ABC Fitness
A2: API & Integration | B2: 0.25 | C2: =SUMPRODUCT(('Item Scores'!$A$2:$A$71="Zenoti")*('Item Scores'!$B$2:$B$71="api_integration")*'Item Scores'!$G$2:$G$71*'Item Scores'!$H$2:$H$71)/SUMPRODUCT(('Item Scores'!$A$2:$A$71="Zenoti")*('Item Scores'!$B$2:$B$71="api_integration")*'Item Scores'!$G$2:$G$71) | D2: =SUMPRODUCT(('Item Scores'!$A$2:$A$71="Fliip")*('Item Scores'!$B$2:$B$71="api_integration")*'Item Scores'!$G$2:$G$71*'Item Scores'!$H$2:$H$71)/SUMPRODUCT(('Item Scores'!$A$2:$A$71="Fliip")*('Item Scores'!$B$2:$B$71="api_integration")*'Item Scores'!$G$2:$G$71) | E2: =SUMPRODUCT(('Item Scores'!$A$2:$A$71="Sport Alliance")*('Item Scores'!$B$2:$B$71="api_integration")*'Item Scores'!$G$2:$G$71*'Item Scores'!$H$2:$H$71)/SUMPRODUCT(('Item Scores'!$A$2:$A$71="Sport Alliance")*('Item Scores'!$B$2:$B$71="api_integration")*'Item Scores'!$G$2:$G$71) | F2: =SUMPRODUCT(('Item Scores'!$A$2:$A$71="Hapana")*('Item Scores'!$B$2:$B$71="api_integration")*'Item Scores'!$G$2:$G$71*'Item Scores'!$H$2:$H$71)/SUMPRODUCT(('Item Scores'!$A$2:$A$71="Hapana")*('Item Scores'!$B$2:$B$71="api_integration")*'Item Scores'!$G$2:$G$71) | G2: =SUMPRODUCT(('Item Scores'!$A$2:$A$71="ABC Fitness")*('Item Scores'!$B$2:$B$71="api_integration")*'Item Scores'!$G$2:$G$71*'Item Scores'!$H$2:$H$71)/SUMPRODUCT(('Item Scores'!$A$2:$A$71="ABC Fitness")*('Item Scores'!$B$2:$B$71="api_integration")*'Item Scores'!$G$2:$G$71)
A3: Data Ownership & Portability | B3: 0.2 | C3: =SUMPRODUCT(('Item Scores'!$A$2:$A$71="Zenoti")*('Item Scores'!$B$2:$B$71="data_ownership")*'Item Scores'!$G$2:$G$71*'Item Scores'!$H$2:$H$71)/SUMPRODUCT(('Item Scores'!$A$2:$A$71="Zenoti")*('Item Scores'!$B$2:$B$71="data_ownership")*'Item Scores'!$G$2:$G$71) | D3: =SUMPRODUCT(('Item Scores'!$A$2:$A$71="Fliip")*('Item Scores'!$B$2:$B$71="data_ownership")*'Item Scores'!$G$2:$G$71*'Item Scores'!$H$2:$H$71)/SUMPRODUCT(('Item Scores'!$A$2:$A$71="Fliip")*('Item Scores'!$B$2:$B$71="data_ownership")*'Item Scores'!$G$2:$G$71) | E3: =SUMPRODUCT(('Item Scores'!$A$2:$A$71="Sport Alliance")*('Item Scores'!$B$2:$B$71="data_ownership")*'Item Scores'!$G$2:$G$71*'Item Scores'!$H$2:$H$71)/SUMPRODUCT(('Item Scores'!$A$2:$A$71="Sport Alliance")*('Item Scores'!$B$2:$B$71="data_ownership")*'Item Scores'!$G$2:$G$71) | F3: =SUMPRODUCT(('Item Scores'!$A$2:$A$71="Hapana")*('Item Scores'!$B$2:$B$71="data_ownership")*'Item Scores'!$G$2:$G$71*'Item Scores'!$H$2:$H$71)/SUMPRODUCT(('Item Scores'!$A$2:$A$71="Hapana")*('Item Scores'!$B$2:$B$71="data_ownership")*'Item Scores'!$G$2:$G$71) | G3: =SUMPRODUCT(('Item Scores'!$A$2:$A$71="ABC Fitness")*('Item Scores'!$B$2:$B$71="data_ownership")*'Item Scores'!$G$2:$G$71*'Item Scores'!$H$2:$H$71)/SUMPRODUCT(('Item Scores'!$A$2:$A$71="ABC Fitness")*('Item Scores'!$B$2:$B$71="data_ownership")*'Item Scores'!$G$2:$G$71)
A4: Franchise Architecture | B4: 0.15 | C4: =SUMPRODUCT(('Item Scores'!$A$2:$A$71="Zenoti")*('Item Scores'!$B$2:$B$71="franchise_architecture")*'Item Scores'!$G$2:$G$71*'Item Scores'!$H$2:$H$71)/SUMPRODUCT(('Item Scores'!$A$2:$A$71="Zenoti")*('Item Scores'!$B$2:$B$71="franchise_architecture")*'Item Scores'!$G$2:$G$71) | D4: =SUMPRODUCT(('Item Scores'!$A$2:$A$71="Fliip")*('Item Scores'!$B$2:$B$71="franchise_architecture")*'Item Scores'!$G$2:$G$71*'Item Scores'!$H$2:$H$71)/SUMPRODUCT(('Item Scores'!$A$2:$A$71="Fliip")*('Item Scores'!$B$2:$B$71="franchise_architecture")*'Item Scores'!$G$2:$G$71) | E4: =SUMPRODUCT(('Item Scores'!$A$2:$A$71="Sport Alliance")*('Item Scores'!$B$2:$B$71="franchise_architecture")*'Item Scores'!$G$2:$G$71*'Item Scores'!$H$2:$H$71)/SUMPRODUCT(('Item Scores'!$A$2:$A$71="Sport Alliance")*('Item Scores'!$B$2:$B$71="franchise_architecture")*'Item Scores'!$G$2:$G$71) | F4: =SUMPRODUCT(('Item Scores'!$A$2:$A$71="Hapana")*('Item Scores'!$B$2:$B$71="franchise_architecture")*'Item Scores'!$G$2:$G$71*'Item Scores'!$H$2:$H$71)/SUMPRODUCT(('Item Scores'!$A$2:$A$71="Hapana")*('Item Scores'!$B$2:$B$71="franchise_architecture")*'Item Scores'!$G$2:$G$71) | G4: =SUMPRODUCT(('Item Scores'!$A$2:$A$71="ABC Fitness")*('Item Scores'!$B$2:$B$71="franchise_architecture")*'Item Scores'!$G$2:$G$71*'Item Scores'!$H$2:$H$71)/SUMPRODUCT(('Item Scores'!$A$2:$A$71="ABC Fitness")*('Item Scores'!$B$2:$B$71="franchise_architecture")*'Item Scores'!$G$2:$G$71)
A5: Core Features | B5: 0.15 | C5: =SUMPRODUCT(('Item Scores'!$A$2:$A$71="Zenoti")*('Item Scores'!$B$2:$B$71="core_features")*'Item Scores'!$G$2:$G$71*'Item Scores'!$H$2:$H$71)/SUMPRODUCT(('Item Scores'!$A$2:$A$71="Zenoti")*('Item Scores'!$B$2:$B$71="core_features")*'Item Scores'!$G$2:$G$71) | D5: =SUMPRODUCT(('Item Scores'!$A$2:$A$71="Fliip")*('Item Scores'!$B$2:$B$71="core_features")*'Item Scores'!$G$2:$G$71*'Item Scores'!$H$2:$H$71)/SUMPRODUCT(('Item Scores'!$A$2:$A$71="Fliip")*('Item Scores'!$B$2:$B$71="core_features")*'Item Scores'!$G$2:$G$71) | E5: =SUMPRODUCT(('Item Scores'!$A$2:$A$71="Sport Alliance")*('Item Scores'!$B$2:$B$71="core_features")*'Item Scores'!$G$2:$G$71*'Item Scores'!$H$2:$H$71)/SUMPRODUCT(('Item Scores'!$A$2:$A$71="Sport Alliance")*('Item Scores'!$B$2:$B$71="core_features")*'Item Scores'!$G$2:$G$71) | F5: =SUMPRODUCT(('Item Scores'!$A$2:$A$71="Hapana")*('Item Scores'!$B$2:$B$71="core_features")*'Item Scores'!$G$2:$G$71*'Item Scores'!$H$2:$H$71)/SUMPRODUCT(('Item Scores'!$A$2:$A$71="Hapana")*('Item Scores'!$B$2:$B$71="core_features")*'Item Scores'!$G$2:$G$71) | G5: =SUMPRODUCT(('Item Scores'!$A$2:$A$71="ABC Fitness")*('Item Scores'!$B$2:$B$71="core_features")*'Item Scores'!$G$2:$G$71*'Item Scores'!$H$2:$H$71)/SUMPRODUCT(('Item Scores'!$A$2:$A$71="ABC Fitness")*('Item Scores'!$B$2:$B$71="core_features")*'Item Scores'!$G$2:$G$71)
A6: Commercial Terms | B6: 0.1 | C6: =SUMPRODUCT(('Item Scores'!$A$2:$A$71="Zenoti")*('Item Scores'!$B$2:$B$71="commercial_terms")*'Item Scores'!$G$2:$G$71*'Item Scores'!$H$2:$H$71)/SUMPRODUCT(('Item Scores'!$A$2:$A$71="Zenoti")*('Item Scores'!$B$2:$B$71="commercial_terms")*'Item Scores'!$G$2:$G$71) | D6: =SUMPRODUCT(('Item Scores'!$A$2:$A$71="Fliip")*('Item Scores'!$B$2:$B$71="commercial_terms")*'Item Scores'!$G$2:$G$71*'Item Scores'!$H$2:$H$71)/SUMPRODUCT(('Item Scores'!$A$2:$A$71="Fliip")*('Item Scores'!$B$2:$B$71="commercial_terms")*'Item Scores'!$G$2:$G$71) | E6: =SUMPRODUCT(('Item Scores'!$A$2:$A$71="Sport Alliance")*('Item Scores'!$B$2:$B$71="commercial_terms")*'Item Scores'!$G$2:$G$71*'Item Scores'!$H$2:$H$71)/SUMPRODUCT(('Item Scores'!$A$2:$A$71="Sport Alliance")*('Item Scores'!$B$2:$B$71="commercial_terms")*'Item Scores'!$G$2:$G$71) | F6: =SUMPRODUCT(('Item Scores'!$A$2:$A$71="Hapana")*('Item Scores'!$B$2:$B$71="commercial_terms")*'Item Scores'!$G$2:$G$71*'Item Scores'!$H$2:$H$71)/SUMPRODUCT(('Item Scores'!$A$2:$A$71="Hapana")*('Item Scores'!$B$2:$B$71="commercial_terms")*'Item Scores'!$G$2:$G$71) | G6: =SUMPRODUCT(('Item Scores'!$A$2:$A$71="ABC Fitness")*('Item Scores'!$B$2:$B$71="commercial_terms")*'Item Scores'!$G$2:$G$71*'Item Scores'!$H$2:$H$71)/SUMPRODUCT(('Item Scores'!$A$2:$A$71="ABC Fitness")*('Item Scores'!$B$2:$B$71="commercial_terms")*'Item Scores'!$G$2:$G$71)
A7: Reliability & SLA | B7: 0.1 | C7: =SUMPRODUCT(('Item Scores'!$A$2:$A$71="Zenoti")*('Item Scores'!$B$2:$B$71="reliability_sla")*'Item Scores'!$G$2:$G$71*'Item Scores'!$H$2:$H$71)/SUMPRODUCT(('Item Scores'!$A$2:$A$71="Zenoti")*('Item Scores'!$B$2:$B$71="reliability_sla")*'Item Scores'!$G$2:$G$71) | D7: =SUMPRODUCT(('Item Scores'!$A$2:$A$71="Fliip")*('Item Scores'!$B$2:$B$71="reliability_sla")*'Item Scores'!$G$2:$G$71*'Item Scores'!$H$2:$H$71)/SUMPRODUCT(('Item Scores'!$A$2:$A$71="Fliip")*('Item Scores'!$B$2:$B$71="reliability_sla")*'Item Scores'!$G$2:$G$71) | E7: =SUMPRODUCT(('Item Scores'!$A$2:$A$71="Sport Alliance")*('Item Scores'!$B$2:$B$71="reliability_sla")*'Item Scores'!$G$2:$G$71*'Item Scores'!$H$2:$H$71)/SUMPRODUCT(('Item Scores'!$A$2:$A$71="Sport Alliance")*('Item Scores'!$B$2:$B$71="reliability_sla")*'Item Scores'!$G$2:$G$71) | F7: =SUMPRODUCT(('Item Scores'!$A$2:$A$71="Hapana")*('Item Scores'!$B$2:$B$71="reliability_sla")*'Item Scores'!$G$2:$G$71*'Item Scores'!$H$2:$H$71)/SUMPRODUCT(('Item Scores'!$A$2:$A$71="Hapana")*('Item Scores'!$B$2:$B$71="reliability_sla")*'Item Scores'!$G$2:$G$71) | G7: =SUMPRODUCT(('Item Scores'!$A$2:$A$71="ABC Fitness")*('Item Scores'!$B$2:$B$71="reliability_sla")*'Item Scores'!$G$2:$G$71*'Item Scores'!$H$2:$H$71)/SUMPRODUCT(('Item Scores'!$A$2:$A$71="ABC Fitness")*('Item Scores'!$B$2:$B$71="reliability_sla")*'Item Scores'!$G$2:$G$71)
A8: Innovation & Roadmap | B8: 0.05 | C8: =SUMPRODUCT(('Item Scores'!$A$2:$A$71="Zenoti")*('Item Scores'!$B$2:$B$71="innovation_roadmap")*'Item Scores'!$G$2:$G$71*'Item Scores'!$H$2:$H$71)/SUMPRODUCT(('Item Scores'!$A$2:$A$71="Zenoti")*('Item Scores'!$B$2:$B$71="innovation_roadmap")*'Item Scores'!$G$2:$G$71) | D8: =SUMPRODUCT(('Item Scores'!$A$2:$A$71="Fliip")*('Item Scores'!$B$2:$B$71="innovation_roadmap")*'Item Scores'!$G$2:$G$71*'Item Scores'!$H$2:$H$71)/SUMPRODUCT(('Item Scores'!$A$2:$A$71="Fliip")*('Item Scores'!$B$2:$B$71="innovation_roadmap")*'Item Scores'!$G$2:$G$71) | E8: =SUMPRODUCT(('Item Scores'!$A$2:$A$71="Sport Alliance")*('Item Scores'!$B$2:$B$71="innovation_roadmap")*'Item Scores'!$G$2:$G$71*'Item Scores'!$H$2:$H$71)/SUMPRODUCT(('Item Scores'!$A$2:$A$71="Sport Alliance")*('Item Scores'!$B$2:$B$71="innovation_roadmap")*'Item Scores'!$G$2:$G$71) | F8: =SUMPRODUCT(('Item Scores'!$A$2:$A$71="Hapana")*('Item Scores'!$B$2:$B$71="innovation_roadmap")*'Item Scores'!$G$2:$G$71*'Item Scores'!$H$2:$H$71)/SUMPRODUCT(('Item Scores'!$A$2:$A$71="Hapana")*('Item Scores'!$B$2:$B$71="innovation_roadmap")*'Item Scores'!$G$2:$G$71) | G8: =SUMPRODUCT(('Item Scores'!$A$2:$A$71="ABC Fitness")*('Item Scores'!$B$2:$B$71="innovation_roadmap")*'Item Scores'!$G$2:$G$71*'Item Scores'!$H$2:$H$71)/SUMPRODUCT(('Item Scores'!$A$2:$A$71="ABC Fitness")*('Item Scores'!$B$2:$B$71="innovation_roadmap")*'Item Scores'!$G$2:$G$71)

Sheet Totals
A1: Vendor | B1: Weighted Total (0-5) | C1: Total (0-100) | D1: Pipeline Value (check)
A2: Zenoti | B2: =SUMPRODUCT('Category Scores'!$B$2:$B$8,'Category Scores'!C$2:C$8) | C2: =B2*20 | D2: 2.9263
A3: Fliip | B3: =SUMPRODUCT('Category Scores'!$B$2:$B$8,'Category Scores'!D$2:D$8) | C3: =B3*20 | D3: 2.7638
A4: Sport Alliance | B4: =SUMPRODUCT('Category Scores'!$B$2:$B$8,'Category Scores'!E$2:E$8) | C4: =B4*20 | D4: 2.6331
A5: Hapana | B5: =SUMPRODUCT('Category Scores'!$B$2:$B$8,'Category Scores'!F$2:F$8) | C5: =B5*20 | D5: 2.5332
A6: ABC Fitness | B6: =SUMPRODUCT('Category Scores'!$B$2:$B$8,'Category Scores'!G$2:G$8) | C6: =B6*20 | D6: 2.3001
